oct_id,duration,l:ILM,l:RNFL,l:GCL+IPL,l:INL,l:BM
oct_ds45_amd_os_1,,,,,,"(('polyline', [[(0, 221.72463597418414), (5.516837285347208, 221.72463597418414), (16.204986005756197, 222.6460281052539), (29.03658076881915, 225.01073195952148), (60.94231772195252, 227.8208735269696), (88.07357222919596, 230.7542788586676), (109.44986967001394, 233.88701210430474), (136.00853854378903, 236.33802557759662), (160.31071530506364, 238.49397275965345), (182.42412645073742, 239.0468080382953), (200.48341221970432, 238.49397275965345), (218.54269798867125, 237.9411374810116), (270.1406573285767, 237.0197453499419), (310.3133542432174, 234.62412580916055), (338.6922318801655, 229.28005144895604), (363.7540978452624, 224.1202555149655), (378.86492879480613, 220.6189654169005), (392.8700891870661, 216.3805616139797), (409.45514754632154, 211.0364872537752), (425.30309220072104, 205.13957761492884), (443.75498091039253, 200.65889820113256), (468.4242439347849, 192.97720148480823), (499.75157639115605, 180.99910378090163), (511, 177.49781368283658)]]), ('polyline', [[]]), ('polyline', [[]]), ('polyline', [[]]), ('polyline', [[]]), ('polyline', [[]]), ('polyline', [[]]), ('polyline', [[]]), ('polyline', [[]]), ('polyline', [[]]), ('polyline', [[]]), ('polyline', [[]]), ('polyline', [[]]), ('polyline', [[]]), ('polyline', [[]]), ('polyline', [[]]), ('polyline', [[]]), ('polyline', [[]]), ('polyline', [[]]), ('polyline', [[]]), ('polyline', [[]]), ('polyline', [[]]), ('polyline', [[]]), ('polyline', [[]]), ('polyline', [[]]), ('polyline', [[]]), ('polyline', [[]]), ('polyline', [[]]), ('polyline', [[]]), ('polyline', [[]]), ('polyline', [[]]), ('polyline', [[]]), ('polyline', [[]]), ('polyline', [[]]), ('polyline', [[]]), ('polyline', [[]]), ('polyline', [[]]), ('polyline', [[]]), ('polyline', [[]]), ('polyline', [[]]), ('polyline', [[]]), ('polyline', [[]]), ('polyline', [[]]), ('polyline', [[]]), ('polyline', [[]]), ('polyline', [[]]), ('polyline', [[]]), ('polyline', [[]]), ('polyline', [[]]))"
oct_ds45_ctr_od_1,,,,,,
oct_ds45_dme_os_1,,,,,,
